Date,Neural Nova_Return,Neural Nova_Volume,QuantumLeaf_Return,QuantumLeaf_Volume,PixelPilot_Return,PixelPilot_Volume,CryptoCore_Return,CryptoCore_Volume,DataWhale_Return,DataWhale_Volume,VirtuVest_Return,VirtuVest_Volume,Market_Sentiment_Index
2024-01-01,-0.05357320630558172,154322,0.006731327523560705,95955,0.013667354371909761,383541,0.03126255246108829,134873,-0.014194366617602105,173425,0.01411681027327305,258435,59.58148835716679
2024-01-02,-0.0032695276692889345,127593,0.043149847411702386,108754,-0.04805389829973333,180140,0.010814672679495487,79440,-0.09634418873877273,145050,0.0009289016652435893,179515,30.86246759657189
2024-01-03,-0.07296789208550232,146096,-0.04701965575204543,87782,0.03256644942813485,307943,-0.007587736847120468,169636,-0.0016099309477443525,288503,-0.012034668608788622,146676,30.880906011378507
2024-01-04,0.0005613971677905884,114461,-0.0993166258610761,181257,0.06561316915608865,149295,0.007905078411013304,101609,0.029050642312209815,292995,-0.005839027988430147,126892,55.65407372719775
2024-01-05,-0.003173863858877249,77955,-0.010930186018312674,276859,-0.016830454366642576,133023,0.01583628085338324,127627,0.04179255124912112,80325,0.0068458510104293015,326562,51.59263545081508
2024-01-06,0.03737737394932489,97169,0.013750890551578614,166604,0.006869645512018664,234461,-0.006072471226899693,192660,-0.008007659666885918,158917,0.004742391467492344,82399,48.69229353290429
2024-01-07,0.0001806748474479881,117725,-0.05171036181495313,175451,-0.005068501286709411,118792,-0.005129205670528278,176547,-0.006487599521465533,213778,-0.044945955488969014,239187,52.61221557759954
2024-01-08,0.026680680264966183,99660,0.043658995311979615,391859,-0.017283174191985218,221237,-0.0007622707016388709,162643,0.03283993172326889,251655,0.0023301850127089635,419225,57.70555031550908
2024-01-09,0.017219772773547838,91538,-0.0012926204696641975,148731,0.04690908979740337,62857,0.0019467211958755651,175792,-0.005534208646302455,188368,0.16094094098289335,160225,65.20388691114466
2024-01-10,-0.05299963572315702,125264,0.35139172767818755,71696,0.0027136585478048977,188983,-0.010113784193561787,291318,-0.00023567133322424075,128488,0.02379798409589544,194079,78.76857167901349
2024-01-11,-0.01576164207915101,86919,-0.01456378677592789,195415,0.005122504988623919,139058,0.027597621719569886,119974,-0.006842408596438362,120072,-0.2515227105396179,139045,29.184215298368265
2024-01-12,-0.03540266329993684,189657,-0.008698256529670345,96291,0.037441474484887646,138850,-0.006920554346804757,160077,0.001620265215529961,104860,-0.13159008955387386,333923,56.11520158606766
2024-01-13,0.007285437505277212,115682,0.014644551309826566,124520,0.02889734857516514,110048,0.011422923386681508,334165,-0.046233322355763516,203040,-0.008820212575739604,111900,42.59930549069974
2024-01-14,0.05596129212495941,253341,-0.02589309873871147,176359,-0.016197969663962104,180394,-0.017477476661845577,141805,0.03669422822474051,120599,0.00882659871724501,186298,59.36352893024927
2024-01-15,0.003723402565879548,130870,0.014042339035815766,336617,-0.001689901269108266,97956,0.005852825282652502,300878,0.0003490640537080168,155666,-0.0006846708675976487,183438,65.77786564002177
2024-01-16,-0.010302619855059768,227126,-0.030726264466824634,126487,-0.002104621912055789,229968,-0.09638060159789293,55104,0.010076547516174802,122027,-0.006792675584502543,112462,27.14502938060161
2024-01-17,-0.003500252439752183,98577,0.008254880499478146,149345,-0.08903294789251026,189908,0.0013438693105524853,215574,0.0071811368785067616,179216,0.015987944600506763,124707,42.582290305260955
2024-01-18,0.020344762207983164,188642,0.01614325180202057,171050,0.0019374061598053896,236670,0.004351538426686179,222075,0.022809803694414172,164751,-0.007386711715345626,113675,65.30207730055983
2024-01-19,0.05071274702988833,125344,-0.08891984932918026,130624,-0.017803130989171696,143471,-0.008298099124409868,181175,-0.0076793982946335455,216656,-0.0018119234873148788,159460,56.65246853098879
2024-01-20,-0.014074692713056282,163807,-0.04725769551702689,172356,-0.002659418448072391,132407,0.05288440511437243,112402,-0.16725936469110403,80646,-0.014033626079965946,123246,35.45835117379407
2024-01-21,0.10169216746556171,196665,0.006044348764936808,122864,0.05065757534898665,147986,0.011730422901582322,196137,0.06496201158520529,200441,-0.01984696698620267,105681,57.002593001902746
2024-01-22,0.03221233909700319,242516,0.047596384429827186,255490,-0.025538348459413333,103575,0.00845504692148003,117062,0.2312064232126367,262088,0.04957716356496427,153469,82.45995880774083
2024-01-23,0.0018579781177169657,66975,-0.018992695363839858,92978,-0.0508425892712214,147303,-0.016882150293106205,102209,0.3491651392360211,137947,-0.031171920452898055,164877,77.37774182399423
2024-01-24,-0.004278010748261545,292114,-0.004513008504094772,144902,0.0015962269145996856,249950,-0.017070880251374577,288227,-0.015397600149018092,288867,0.0002801490541093927,182389,35.727824935940056
2024-01-25,-0.0044084625640713315,74212,0.008620894122538818,195698,-0.01318116263500654,247548,-0.006200895448254643,157561,0.04380533592654194,327038,0.018263305215954435,229563,41.08746448484971
2024-01-26,0.02253407786855777,204292,0.020255347954429126,251337,-0.0016705511009700894,185971,-0.03415366894267601,60046,-0.039102416177118564,133298,-0.0042468595007857535,262726,49.82696215993176
2024-01-27,0.015652909666681186,117825,0.3493932998650457,148837,-0.033407086622281826,107158,-0.03583020936202487,332225,0.000364243830280006,318888,-0.001975307082127956,114285,75.90679635399374
2024-01-28,0.008786095235660919,172632,0.020747928140756582,123970,0.015639547140761656,208142,0.001373365805923567,199560,-0.0018801195830733567,225186,-0.09957796952929732,185863,43.348565628414924
2024-01-29,0.039349424530560465,526582,-0.011449724617674685,107886,-0.04782485281212781,82105,-0.005569645856533631,139074,-0.028702860204006447,86925,0.013500598943548877,89591,54.07980086540795
2024-01-30,0.05032989555725091,109040,0.0025600765630187793,112546,-0.08244769513987397,111096,0.001004851822866226,200243,-0.00011326577843046319,132922,-0.004540978280854299,151477,40.68482624789132
2024-01-31,0.0029421509232470467,232743,-0.0006230455403683837,119787,-0.027594339461598925,146412,0.26737636224767397,188396,-0.00031165386846317405,74859,-0.000403020066443134,62695,44.945494291532476
2024-02-01,0.02439629151657555,186922,-0.04454846876719513,198155,0.07427254784872397,371642,-0.04060898178278459,173379,0.019821495141502006,225910,0.059997226703242805,150513,51.98299665401168
2024-02-02,-0.07409665864961335,183302,0.0015634310184102927,317077,-0.026210567059559115,69591,-0.02783826502913149,192037,-0.01316688844538768,382404,-0.034066755145394145,182191,39.04460791108598
2024-02-03,-0.020113173468802044,314968,0.00027522659412823765,126540,0.04032119495938433,160681,-0.00029485563428845564,164952,-0.010850767579241898,67034,0.11404422668235925,102000,55.4670571712714
2024-02-04,0.0031310556000020994,104951,-0.007104992024470482,226121,-0.015967558564285375,230697,-0.004821889519069547,185278,0.20022486793547514,226305,0.25983462231509813,152411,67.43370774625514
2024-02-05,0.016382634876189177,263227,-0.003451254104718645,163327,0.00816479864279148,166565,-0.025440469690414774,146350,-0.009043354880922505,214010,0.00901988462180048,137519,31.55232620552684
2024-02-06,-0.006186955464056301,240523,0.30672483211114615,103480,-0.016857481349684674,104865,0.3526203838161618,214265,-0.17663703256227947,157091,0.3498509171831465,135732,98.82675620528329
2024-02-07,-0.025948688471809984,232355,-0.0032273333440298916,127656,0.005092817794920327,150229,-0.001491693900725546,284842,-0.03002470677454928,301238,0.011010211446549446,305272,56.003931499854446
2024-02-08,0.002923508661076939,145386,0.005255091226087119,266274,0.3501356770278339,111348,-0.05309063977715122,113237,0.010509014684507566,63564,0.0111368445670871,317790,84.35327415343292
2024-02-09,0.013931222734955753,115198,0.0011730188844316686,154722,-0.0143355648690915,113082,-0.10475511288146698,214929,0.027752643256587793,140048,0.0410390297294602,96574,59.530816298376344
2024-02-10,0.001100767691430291,194204,-0.11497998669658684,91721,0.00620230124256386,116429,0.01051091810536397,70069,0.02941711460463356,92080,0.0024422316579700634,174802,37.48712775553946
2024-02-11,-0.002681813328500833,74175,0.040928635149095095,89997,0.08393428739918112,162600,0.010348962226262534,130948,0.004185993191381169,361065,-0.038342659714145313,338933,45.02116375858128
2024-02-12,0.020807932560531706,115016,0.011960255057563887,203384,-0.002234355544557458,219632,-0.08658100109956982,128156,0.0049957238193318945,89481,-0.013893739672190097,161956,50.63666715787296
2024-02-13,-0.011720951957049978,151882,-0.003681673255988387,136720,-0.04445763595127024,194254,-0.017161937157010847,120536,0.005891975447773493,102662,-0.24722195127407448,170013,35.12752183947122
2024-02-14,-0.0030333965303481966,189925,-0.0025325345639565172,101655,-0.001966987277555486,235917,-0.20635213293378674,80162,0.03032791613779366,129153,-0.02662379304362801,146795,39.98963417123955
2024-02-15,-0.011593368399362355,126185,0.006766015604437468,129829,0.0466150181323186,344011,-0.04138445194623071,115803,-0.007810544635881335,432132,-0.004033345868378705,193852,29.096655450082565
2024-02-16,0.06821884016197842,168859,-0.01417707607226931,196908,0.017401090855348526,447741,-0.015659192481930477,109377,0.005058275001651116,103967,-0.040645967958884845,120337,42.677552118224895
2024-02-17,-0.04528527235106618,164860,0.029384005966201034,81608,0.08126842051689753,164215,-0.00015069467106414017,320429,-0.02366534537305965,172916,-0.0022958553658425037,144773,52.320129345277955
2024-02-18,0.0028724027608767327,127100,-0.019320094329710068,233142,-0.010921715365995184,116969,0.0009174318827907891,340632,0.011950720754321074,352689,0.005997637969810117,180358,54.305274191110506
2024-02-19,-0.01290328686518483,162006,-0.004172715029876079,245797,0.0229183920268922,252185,-0.028303233385966776,117901,0.005858829425746634,131844,-0.01716073853577166,95899,55.42222346841417
2024-02-20,-0.012775827022367717,191688,0.008469265096531342,212490,0.00624638384507222,94847,0.007926357349436029,135661,-0.01990836575149476,94949,-0.17525544469676582,113604,39.089359810847824
2024-02-21,-0.0053235665984086335,202887,0.2820028611489572,121370,-0.0006262587024000112,144302,0.03126130550020785,84886,-0.025314767542481895,175395,0.02146875133648531,159897,73.53905974153967
2024-02-22,-0.04484438785071446,121590,0.1190634608595544,150903,0.00038217455516485397,174925,-0.016994060041864642,117483,0.006572490111531029,90173,0.011719086255437884,335115,55.908572176218314
2024-02-23,0.16866371824409826,126334,0.014002461522864868,156575,-0.005003530402631261,243856,-0.0002999248651843682,667718,0.014848591384252345,98933,0.3511559570472791,194839,93.08067860423009
2024-02-24,-0.0038208349788102372,122636,0.02436118132411312,131200,0.006458908732580962,122016,0.34903176301083033,103749,-0.0067501298888329895,160088,-0.020659800372755867,90237,76.3700623700508
2024-02-25,0.01451848985964145,237690,0.002089139853082755,166375,-0.09964736183872884,192716,-0.0018290572017893693,135066,-0.036268315812214236,140521,-0.00909062456447858,182594,41.97552795350708
2024-02-26,0.018615592593377583,102168,0.029512023782767377,141040,-0.008061233542694038,115399,0.011261402303403022,113979,-0.007573448743607384,69986,-0.015041274403183754,278098,49.230516141297045
2024-02-27,-0.02565861082439418,123671,0.009010483018198743,259198,0.023842847339447484,249575,-0.011011215738743758,97304,-0.025906144445211207,105307,-0.02971745032018023,453250,46.8502415190326
2024-02-28,-0.00072477290282874,327869,-0.07492207518291005,160715,-0.009852451480671855,180403,0.007401443583834423,126457,-0.040622034545664945,193482,-0.009998309380079534,122164,46.26470046117137
2024-02-29,-0.017826442616143745,72190,-0.030812685556414476,95930,-0.022060457463052185,164133,-0.00044364842588093137,103525,0.008669787743559823,158433,0.0971817839084976,105887,54.98864306168502
2024-03-01,-0.0016620072972272034,119021,-0.026216459733164842,228951,-0.013927271203658633,179690,0.001625068076668401,162126,0.013611281387830527,231326,-0.003572805608180175,197253,51.798784558270405
2024-03-02,-0.003319473586182207,290286,0.030492615781940267,135409,0.0021715693053284075,137056,0.02482383430689861,96718,0.023787744027589208,137092,-0.25051256164850316,239404,51.923467159316594
2024-03-03,-0.011171042843544431,273756,-0.004522487415440179,238976,0.005451436918066037,79405,0.010835305353308445,251012,-0.016887376072633395,78010,-0.0028480434877246725,233105,51.37549205760133
2024-03-04,0.0387033671438056,140489,-0.016941435164482477,215564,-0.0733094465105185,95513,-0.24866231973890757,260007,-0.023172148692210248,90581,0.0004720255755310595,124569,21.98268430281628
2024-03-05,-0.007177697204232959,109180,-0.01837540339006271,80683,0.007387702534646483,169026,-0.006445535806383197,335184,0.046124428022438796,472958,-0.00020545490059661127,169204,60.25660381032901
2024-03-06,-0.001965759681041723,254402,0.00739054555500145,178588,0.009060426411551735,198700,0.0272804327570255,141937,-0.004006970494007262,175963,0.03259393244019056,201791,41.028190422558836
2024-03-07,-0.0032391350251054305,129135,-0.012992528232921675,157787,-0.003061159820817113,158994,0.007921819239568079,226513,-0.02671516019474496,106253,-0.0025358186282688883,159433,36.47773401512113
2024-03-08,0.017698964174722078,349689,-0.008916823984655476,259269,-0.015544995020303877,279196,0.005763299310272709,164353,0.1118874626813887,185053,-0.011720060200695258,243018,59.96966244458262
2024-03-09,0.0003221092698759897,303793,0.000817890425968448,74559,-0.006036825784184876,96165,-0.09583781365765519,274794,-0.004827196349628413,145691,-0.04478680782327144,124406,45.14072374993942
2024-03-10,0.022067212928337417,98551,0.019424542973757623,130351,0.020589664799784663,92878,-0.006120095281164202,375659,-0.027396566329163152,161300,-0.06751979651075632,159025,34.95248527034645
2024-03-11,-8.54470274417457e-05,205917,-0.04415349657246499,239171,0.002279215112599313,237602,0.0003507766652452956,250058,0.017489863605379092,126457,0.013635382028919866,144473,45.47291144428162
2024-03-12,-0.009518994224376926,221374,-0.03602815068518756,131800,-0.023630161416551214,162422,-0.013926133301895998,190900,-0.0004951757774324145,222809,0.00909735822948704,79931,38.972411199406274
2024-03-13,0.02502742291939935,216619,0.011212835143245975,148228,0.005528700678521773,215989,0.0028293324100092713,222075,0.030946941176254936,309640,-0.0020257665716713587,279674,50.03453448823469
2024-03-14,-0.033439101503030914,278905,-0.0007663061041815463,289951,-0.07171652807601431,182873,-0.007398800215658386,164863,0.0038473616316372482,230758,-0.02440647678761087,218126,50.510654359072205
2024-03-15,0.00786585882534296,143828,0.024743988011983808,191363,0.013852565138059627,160485,0.03355539847804018,115661,-0.015239126983169536,272715,-0.024254318348499924,166388,59.766678976923004
2024-03-16,-0.012321834495014804,369343,-0.0020354115488601774,84948,0.0629048052192167,130260,-0.02609418359256283,164893,0.0006531510666077825,256517,-0.02088028208028203,190953,49.957194506069904
2024-03-17,0.0014343967098963838,184275,-0.006640550977671387,103683,0.05156559454800244,102459,-0.03580941641554723,185164,-0.017301245064491044,94311,-0.0026974685879049927,131564,43.91046807633633
2024-03-18,-0.010397369316203026,198862,-0.022509076006898658,109871,-0.2476672589086615,309323,-0.0033651074452125136,265554,0.005521760763146757,86806,-0.01420535602775589,112089,16.99534283502627
2024-03-19,-0.022749085245539726,65230,-0.005524435772402389,119010,-0.027261674538749277,221140,-0.0932426180896453,137921,-0.024823331671729336,195696,0.03336988928591554,88527,54.85309898567612
2024-03-20,-0.000446890838017998,223952,-0.0055910199747625225,130347,-0.011261382186432288,163548,0.0007947243105143197,156819,0.011516648714993014,97868,0.01880639633217391,102617,56.842370760080414
2024-03-21,0.006301783859772217,239693,0.0025054656112611737,190917,-0.002308698933050555,247711,-0.008334771068922216,185324,0.0002692661438484742,172335,-0.006190804278816093,81600,42.41612504820813
2024-03-22,-0.01893963480263294,146071,0.003469337846763052,160981,0.0030929351847666722,355486,-0.032288456239570926,214225,0.033858017099112486,300867,0.3067284034351211,206698,76.92403514448621
2024-03-23,-0.00244243467763916,122452,0.026168886137807743,170561,-0.12449513361510672,178883,-0.003559884044826434,111785,0.002756434119924722,139559,0.05431261728120315,149895,46.147129474344624
2024-03-24,0.04071510218940546,309355,-0.013027572704271772,70806,0.02468880486264163,263636,0.001365227595737966,111891,0.0249120973663178,94011,0.022091308093433723,260922,53.845236111594225
2024-03-25,-0.02814887150822527,218110,0.0990564539593896,268822,-0.04671107629466514,224197,0.13479073536404632,370992,0.02064832944921492,203513,-0.010056672237307274,152880,65.6573751983929
2024-03-26,-0.01531424487129705,186683,-0.0026090977752356507,267637,0.05825083644876676,119163,0.004501152190473004,125397,-0.011126129187461512,143834,0.002294037405382899,70134,44.98478778158132
2024-03-27,0.005875746743800517,171996,-0.006844833019065727,76538,0.013897681787448338,166245,0.004422921252645345,230064,-0.05582794967284566,134490,-0.2520355286181539,318330,27.194970703154162
2024-03-28,-0.004985130623746145,90744,-0.006953648810254218,262105,0.017337326235541118,213214,-0.021850827349792563,81927,0.027435009338046937,481334,0.009983500711425359,158657,52.61235927541016
2024-03-29,0.00020883336611102297,114577,-0.023648384010838304,92703,-0.005100155431977342,149043,-0.007254229695190739,154668,0.006509781718273748,169576,-0.016413698164291512,144477,41.95896458995366
2024-03-30,-0.022790416437760707,209669,-0.0010525704880941919,139378,0.0012271576448620327,75057,-0.0310171975516955,153315,0.05724065757643983,63133,0.029062579724693317,187495,58.86886613390489
2024-03-31,0.018301457508858365,110004,-0.0017126294097191085,173745,0.014496822836708364,275303,0.06754761004564634,111357,0.02068411903694869,248824,0.027851759577179627,136850,78.5019410098241
2024-04-01,0.20921470633764094,328167,-0.13567337049499378,140637,-0.003171417834716922,116285,0.03938266621620012,214249,-0.0029757012228788667,136719,-0.22879474366650995,116240,34.32249462957801
2024-04-02,-0.01291588771182481,134438,-0.00648078106611337,159876,-0.005807920632112524,278416,-0.01206778862437231,75084,0.026335714133424802,164264,0.008642240106801279,208973,33.195785450679764
2024-04-03,-0.2480346337144601,175848,7.091273870842149e-05,274840,0.015144588536920333,157986,-0.008793506057856008,151172,-0.021207886960914815,206268,-0.007474741419295397,169350,11.962913866777548
2024-04-04,0.0005699201246949365,139223,0.01350491889665572,200077,0.05189165573816899,125365,-0.006467995484265195,127456,-0.01530534961894047,131768,0.013649024404469473,279631,52.35146352243574
2024-04-05,-0.002764067809636099,44873,-0.015417745924798807,190658,-0.16505918971851702,165001,0.013358266710212265,83087,-0.02758556599206348,184220,0.004127204302064087,196870,30.478947536555573
2024-04-06,0.006852575541151885,206046,0.026510960406370278,56346,-0.004685753676368472,281125,-0.0443295936137644,121164,-0.017002413923336634,214191,0.010608179192643456,218912,50.60886860578388
2024-04-07,0.006040243463937376,114613,0.037439794587836056,211966,0.009142283430068834,139497,0.0400132007114597,71072,-0.026849983399152375,259651,0.04253230202269312,119369,58.547166108050526
2024-04-08,0.25764221097965245,115636,0.016342453960155538,138520,0.004996007076941847,181478,-0.008933020802858797,159068,-0.017795890527476838,202648,0.061434330959445387,95244,54.880237643583015
2024-04-09,-0.011464576787368522,120939,-0.003932529008340775,155375,-0.025451391786215402,347720,-0.0540164244236359,155511,0.0002460464421580014,251221,-0.0019786966718560433,165284,25.4113235561687
2024-04-10,-0.006770276828930026,134126,0.005150690383931888,147459,0.018628993394673905,152151,0.015590128199949265,207203,-0.010895554620784835,282051,0.030198725889572432,187938,56.41951283135513
2024-04-11,-0.01248344759542721,261667,-0.0034070614630888787,110645,-0.03582473716300819,137881,-0.001056962415455544,121817,-0.06169640618653167,184568,0.024340525172163858,140986,45.34574903710973
2024-04-12,0.021179268577982694,217925,-0.0033369540402269087,112150,0.005225872990766015,165580,0.006006872526526229,214216,0.000909495604792042,71244,-0.0011288223418014602,380275,47.6655355708704
2024-04-13,-0.04384282706151463,145326,0.0035450650005890644,72401,0.027086983315647666,173379,0.007691502245423124,164946,0.004365934640494075,157509,-0.0013241671341961028,241947,33.263396882439835
2024-04-14,-0.0007882132225370366,219471,0.0034059821120207335,183349,-0.07785360113430315,194864,-0.014248003959728759,156100,0.05840611002627469,331106,0.18934133977462228,90068,65.26482020073982
2024-04-15,0.11338492805398616,172105,-0.00731054277539533,167043,-0.001779409637177686,225327,0.0013703871175640388,116129,-0.008772443257533095,81026,0.025849937615784208,173291,70.901852595388
2024-04-16,0.04757385723550438,182132,0.13248445311590626,295327,0.08876314214392347,97915,-0.008522965622340362,258300,-0.013253585036901721,419561,0.0096321019567174,139929,69.89162465504317
2024-04-17,0.008484483715347544,97112,-0.057418377807421046,138304,0.012241743905091203,163669,-0.0001310054664735369,203926,-0.0021725368312987547,128468,-0.013292740907328538,303179,38.03936553487714
2024-04-18,-0.04491732505664993,104212,0.012496882664766373,81171,-0.012574014536127434,253389,0.0059812710444373356,65522,-0.00749507659077647,149993,-0.04527881778127674,566409,44.32638297200306
2024-04-19,0.03574470657605264,161972,0.004329663087187968,103952,0.04175406921611088,159060,-0.0014918062071434843,159480,0.05559184541002124,173556,0.049665193511090125,212119,48.71177063021778
2024-04-20,0.0026024213795533503,107404,-0.005558186263065529,319661,-0.0008303349780266357,179520,0.09616233205678423,217666,-0.02858984365753398,126593,0.020981988037710567,272270,66.23083224341606
2024-04-21,-0.006296679772305436,146851,-0.006659627921175758,181865,0.03266343236937332,112056,-0.03454059973385472,109231,0.3514581272900047,214332,0.006206965422412296,136292,73.67388452225902
2024-04-22,-0.00890879450577752,115667,-0.04154445017071047,125834,0.0887871966122556,215255,0.007497164973334069,126548,0.012117362362457449,155272,0.003376436719456329,163736,36.406758615202044
2024-04-23,-0.021189691564603125,75588,-0.12183209093256957,90359,-0.0010068063244786075,186187,0.00025047472554705027,121198,-0.11388956888322962,248373,-0.0022432757311910403,239599,29.665859148194848
2024-04-24,0.009002237289936958,217003,-0.0019253098193556342,337023,0.012816268091524644,157434,-0.10220796232273319,210987,-0.009692093171600902,128828,-0.004396542167473336,434064,48.20612162902888
2024-04-25,-0.023199515982990977,359853,-0.05386318892070062,163530,0.038411522966311167,189972,0.009393882266584849,280328,-0.0002354890669842212,153452,-0.00997906662265919,125160,44.03806676621551
2024-04-26,0.22127666784964156,230866,-0.027597623907664553,167942,0.021466121143131,175114,-0.02445497728560431,116575,-0.031249424806086317,81873,0.025009981717055232,178877,59.537759099629774
2024-04-27,-0.019573154494056104,233744,-0.016343985547200297,148698,0.021209083149451965,289112,0.04046710507677458,122814,0.0031245602180920823,106736,-0.009393445626533338,158436,39.055322114629206
2024-04-28,0.0033530334428017836,157465,0.0437193689104629,221457,0.0038870444293198215,119373,0.005111603512403423,281317,0.005186223544788751,357455,-0.024549440027379476,160226,58.112598791643045
2024-04-29,0.011759104662400911,268306,0.004960840165742421,106659,-0.020357864103312657,250218,-0.01111471087591065,247436,-0.0038545525137694677,229894,0.010157707871035534,161744,42.95200968022103
2024-04-30,0.010530857577131606,49926,-0.0010904427470433031,125908,-0.008707703477754543,126707,-0.013366508034630664,110050,0.35080047171105355,170910,0.0031247571778336767,137642,51.188308377055684
2024-05-01,-0.0006718824628818797,117026,-0.00472543815818618,106561,0.027499417203143618,122246,0.028900767655145484,254893,0.0007350552986205321,124940,0.008765151790101323,132458,50.32096438169226
2024-05-02,-0.014874507162995284,135580,0.060658393120729875,186390,-0.040615050202454796,195340,-0.028397122989885833,48152,-0.1335153941830368,244911,-0.01933998769177494,289105,48.07258588174234
2024-05-03,-0.007489246720358495,106929,0.032064877767744006,110313,-0.03182438641906207,135930,-0.06569241151695154,120282,0.0030986385258514344,178005,0.011943524733942616,74711,42.27077195874492
2024-05-04,-0.01674707331167721,104071,-0.004603088476946942,301244,-0.046408494613217076,112275,0.011502156314688703,267632,0.025889578091116118,187612,0.026120108769389194,78928,67.09672896945872
2024-05-05,-0.020310351846541803,209846,0.35168767901928344,155271,0.006417685160622602,135647,0.011841699214703738,179509,-0.0022669327658296845,196782,0.08853061406807679,216000,83.34970567550617
2024-05-06,0.006719595794335805,260745,0.011644622997713181,191617,0.03460344943934219,93877,-0.00960396602049434,134664,0.0303164571143975,528194,0.004613710174313513,217465,58.607172922777515
2024-05-07,-0.0030602367137760197,419876,0.017502859235733883,284410,0.008365252200024468,179282,-0.0009480452796733216,183608,-0.03309024346759977,160390,0.003960836031703582,81216,48.2313788079181
2024-05-08,-0.012968931307262453,163933,0.006760887695816578,264149,0.004318769938987966,128045,-0.05622007451626797,191909,-0.018233585387372776,228807,-0.05068127657915557,113111,40.84885724534014
2024-05-09,0.007627220310564724,135873,0.007354332331930975,108318,0.016201723586122714,117141,-0.0034110735526552667,97241,-0.017430204648248578,113529,-0.08484383026728953,287156,42.39897483283329
2024-05-10,0.0009749620205964207,112849,-0.04528246628224424,171199,-0.039471420873787584,133099,0.001979684556913395,260809,0.04589138248976539,274983,-0.007551336908475346,229952,44.08002641269261
2024-05-11,-0.004253068799521328,183956,-0.1966019788820624,148386,-0.022332583940265962,101037,0.011343184375429909,354127,0.003239013076053707,120106,-0.2495861525835762,212236,24.762565837075336
2024-05-12,0.008451074387741536,248656,-0.009201308635390253,130338,-0.14300666728564118,246521,0.009107877576847072,220948,0.0046411482541526584,324871,0.03139637832948844,134896,34.067587877240896
2024-05-13,0.004264118994458336,97309,-0.00039704445614872317,132960,-0.0015580946311698437,176935,0.011231432541638971,166589,0.007194373908735892,139055,0.0018675863021643078,75835,40.747886556736006
2024-05-14,-0.017123108264292645,196455,-0.0011099473546316227,358232,-0.17092189327709997,195966,-0.00042020812620321697,207659,-0.007796775532294973,204633,-0.0021063732074764955,190769,25.469495773779627
2024-05-15,-0.002452132541213655,236254,-0.02071950234605493,190641,0.02712891097513682,143620,-0.006420463983412104,118374,-0.0024995906569220414,147327,-0.009448240804107454,184545,69.49581085299998
2024-05-16,-0.007313560363572484,143424,0.011766812000345721,184561,-0.03551456429095833,194009,-0.02712937680799193,227128,-0.00040430112879852765,271880,-0.0036611159442525715,167913,51.15302191435726
2024-05-17,-0.0369078094138887,96460,-0.0013063017044384088,141769,0.011641339034606075,165648,0.028341384116023414,78095,-0.005936386920191666,283641,-0.018199587831088833,172292,51.55376450220291
2024-05-18,-0.00013391641055456624,189575,-0.013120729392564909,281028,-0.16711836528225651,126493,0.050206699688311845,204764,-0.250350589059808,155757,0.030494115018384605,151200,16.090000934499848
2024-05-19,0.02378375773409184,119506,0.010778867356158474,316868,0.006952600919038325,140056,-0.0761896194183063,215299,0.010973240732232558,76879,-0.0370919684619877,260926,52.180548264163434
2024-05-20,-0.24643044992162982,247925,-0.04176480579755848,169223,-0.015340590839584953,148631,-0.03650299767405862,190994,-0.01054133943482628,406571,-0.0206775873373631,80394,24.083768468465298
2024-05-21,-0.010567693448993663,222528,0.001809375122247119,113023,0.023339977712247096,161463,0.04484125254140543,147391,0.01436662719167255,137128,0.009591952496092924,162074,57.700455518962265
2024-05-22,-0.02759220590311526,103397,0.004796232096173393,245652,0.0026571694860380883,79407,-0.133810461652642,201976,-0.04125349334168361,142826,0.09110096282690065,101888,33.293677075475856
2024-05-23,0.02650005618887371,176478,-0.022760872369521255,87309,-0.02985795011690559,165360,0.01632414155473445,92120,-0.01141889127460114,195733,-0.008640242692765752,112449,49.61243799349673
2024-05-24,0.004941262568238966,135890,0.009569235454795454,183061,-0.00023884750013904795,119489,-0.010541350377147669,159024,0.016440388269774595,88828,0.009180821432624761,209473,47.71843194114497
2024-05-25,0.007348865288216209,329708,-0.00017276480985173347,497267,-0.059289671403925215,168799,0.026226077909384145,223079,0.0012053877656339892,79837,-0.062084684916600755,296883,36.55943575188857
2024-05-26,0.004534464536453942,222013,0.004104806650086388,134111,-0.005417702560221319,266964,0.022437383698323828,147003,0.03565230783018645,135508,-0.002264361396942591,196837,61.27752327526493
2024-05-27,0.004921898499728707,106367,-0.184308716781619,244910,0.005733252594113646,106681,-0.0012513593149137202,106935,-0.04580850292190886,113110,0.007341211253563015,220532,20.398107469964227
2024-05-28,0.24509636246941324,127171,0.01074829948255003,94921,0.2564124127537006,127736,-0.02452042376242763,160682,-0.0032478571178526333,101479,0.0075642910832280225,102675,88.45130163704894
2024-05-29,0.0027520458866528287,378707,-0.24296554216017194,115355,-0.006518885468785077,143026,-0.006778305307376227,140520,0.004460377967482373,137510,0.35015792809133617,208676,63.5853692694725
2024-05-30,-0.2512821625330767,237817,0.008337994047650362,144007,0.019127510253491353,99251,0.009075511821799779,270973,-0.023261693140225494,156664,-0.0485297957449758,325178,22.101387558131826
2024-05-31,0.024531248138065627,66288,0.007246495910505102,175986,0.04367195415580083,350614,0.005028919719192786,141307,-0.02247135091892675,148717,0.0061023396142641925,183176,46.070689163268774
2024-06-01,0.0027320258617969133,130155,-0.013428748952137057,143655,-0.07580817502496402,142183,0.04521270469076477,126630,0.04995310815514878,266077,-0.023894442555631158,195718,46.75417466566786
2024-06-02,-0.15663922242705183,179917,0.0029526476098275392,224903,0.0006072208203438673,146423,-0.08927720161373244,119410,-0.0006174745912665165,127893,-0.020811781409991632,162870,35.23464133049747
2024-06-03,0.03352577905289844,106544,-0.003295894887733818,133238,-0.01973744719671371,132396,-0.02408370383545716,380721,-0.08505031750177022,53662,0.014677328759107463,151471,42.873833041213146
2024-06-04,-0.0030295395270120502,324576,-0.004339593573784491,170883,-0.013378730471712633,219996,0.014123399069736501,169385,0.038520913671617064,124625,0.0766499129027552,66385,61.57204874002544
2024-06-05,-0.008946397879925797,176695,0.013641361870372286,119343,0.03991678998075404,118168,0.03241512215444977,133306,0.009404799241214101,327074,0.02885443941829139,425889,75.31553751105105
2024-06-06,0.0007546160909302413,177527,-0.028216904856623638,135143,0.35039678703435495,101631,0.3499816352932297,196303,0.05868348945965365,332090,0.0040177800230332085,147423,93.96399251147473
2024-06-07,-0.0014770893595095402,62843,-0.031968756399779794,212781,-0.03239479459755879,241387,0.04709524945248091,86306,-0.0030826360326602444,174659,0.02329878262279718,194948,32.946250672017115
2024-06-08,-0.12683022685875672,158064,0.010650974208746656,118621,0.01808419024197086,244354,0.04817982732772155,138503,0.01833889106992575,89852,0.00688413275535772,71697,56.61308841330425
2024-06-09,-0.04180427484498995,269504,-0.06640186879855062,208285,-0.03724300552013526,168583,0.13158275259028138,136474,0.007773842903933465,131715,-0.0337818948262436,105842,64.17484919289498
2024-06-10,0.0653283120182978,136956,-0.03079366011637439,69700,0.004140239057576853,121245,0.16628841743997425,143720,-0.010570683730631868,207721,-0.011011894171986596,160176,66.15306566363498
2024-06-11,-0.02489028624059571,223679,-0.19097561829096402,279191,-0.25107918244147426,248517,-0.019285568290580007,196457,0.017517071534456502,163528,-0.008310675479130288,109939,7.3208959659108
2024-06-12,-0.013823668697091644,218814,0.07040949766467085,318666,-0.002976074384035593,186622,0.012343279860936208,350425,0.09315796641569675,88412,0.01771263347806892,102573,60.54931865686436
2024-06-13,-0.002959156336684085,229138,-0.006022843700388394,180902,0.0532487127481183,275271,0.00011505935435881295,161750,0.016817710499157677,115014,-0.025302895361469593,149426,41.20787097142319
2024-06-14,0.008079916267385126,88161,-0.013151950578881574,103628,0.025672072978286598,240140,0.020935342701103844,230755,-0.021414397508833408,188188,0.017396467312719266,81762,58.92971835108147
2024-06-15,0.03032202777624134,141017,0.0004272874432694664,99707,0.001668577112841772,260566,0.002169395418851243,128863,0.06890582510690611,105419,0.03735715588630318,164706,45.87711388930986
2024-06-16,-0.1349870564087216,125987,0.0033469197193510057,294636,0.012231736280700239,121306,0.031661200657657394,92995,0.01497684497585027,68791,-0.06721723916968472,160762,37.66620586872817
2024-06-17,-0.0006813727660078283,129991,-0.012047043705189595,91898,0.0018422098489899502,261892,-0.015270705048999978,212542,-0.24615160941783695,160928,0.022097583878273368,280893,23.275892589676197
2024-06-18,-0.009218899173508457,212142,-0.01082950399053184,117108,0.014615334903435756,107399,0.007228828748842414,225752,-0.015350672059987452,190717,0.0008398263887709303,174189,50.420574505817704
2024-06-19,0.023085363992886358,116006,-0.05239342942606421,207560,-0.009935696170105686,120306,-0.0001517769298725239,156248,-0.03339583770372263,290331,-0.014260366504846167,124949,40.53313371250743
2024-06-20,0.02943907406843717,86751,0.026942426978172496,106828,-0.008580057393089112,242248,0.02258123821269998,180212,-0.09396493109633962,154577,-0.05778880363974916,132768,46.342884174511425
2024-06-21,-0.008358705802586732,197628,0.27418670609531187,115885,0.02162245398158457,183921,0.013003940780363694,121479,0.00597487219407229,113656,0.02536023436199946,126122,72.34280565704667
2024-06-22,0.0065316757512426694,140061,0.002288038598935554,159606,8.097792565615395e-05,178828,0.007051290570821767,37221,0.00861689546377431,117823,0.05139510177083621,139158,45.19767506151001
2024-06-23,-0.005036003074098822,297159,0.01762323086749986,105661,-0.0062675108154492815,173705,-0.20576610774502246,295969,-0.010925375260838267,96260,-0.03204369200469391,190534,40.107740099783356
2024-06-24,-0.007631323683895371,118076,-0.01282545260062765,133005,-0.010646950504294844,118037,-0.021851762881491106,121449,-0.0067961828789135795,483479,0.04890957209136186,228155,48.789536784378136
2024-06-25,-0.0007265302618803642,252886,-0.019284541545899595,198153,0.0041321352539302825,85604,0.20108107159170646,190609,0.044920293563750054,249988,-0.00016750587322851822,115686,55.44503810323288
2024-06-26,-0.0010852941013620105,239457,-0.01697705760836653,215719,0.01645275887035174,341402,0.3348394396273644,137707,0.014354657139040447,104920,0.012794696762550597,140835,96.43454560802984
2024-06-27,0.0016262599839130375,289013,0.00985138484271511,78326,0.047682311778658774,71157,0.010880067011634928,168679,0.0011619756621252296,136347,0.026768260191943803,163258,61.29565229857064
2024-06-28,0.002894652001341167,237547,0.0012113331112080254,130479,0.00010071520628728622,76941,0.030112810221009614,368719,0.01564119417049411,109218,0.03406495341916429,106551,54.06910500797391
2024-06-29,-0.06770622730826958,253086,0.007873992387209003,139553,-0.021175209800876605,158679,0.008175465638851107,197425,-0.011461689587692284,251056,-0.19503680350674307,142431,45.530013788516804
2024-06-30,-0.031027160063567264,298934,-0.00549633637923128,69263,-0.1311872852263803,220557,0.3502495041993278,116330,0.011005772894295766,281787,-0.0012075250210279234,172269,81.24062078742719
2024-07-01,-0.02238310015798279,124347,0.07910150089930916,212168,-0.011279523819560273,232646,-0.04859428949999827,210398,-0.022641559896105303,107809,-0.004338182532802313,134106,46.537495443051824
2024-07-02,0.33266720668340194,162489,-0.017525030335886132,160090,-0.13785446942927088,219673,-0.007446871699450783,72695,-0.030203537593778362,186042,0.06267453524203605,144930,66.96143038881775
2024-07-03,0.3452313864224285,116378,-0.029536398822807126,120934,-0.029006780953150294,149370,-0.025661591673342747,38544,0.09763252771626334,122943,-0.12826911613520886,114653,55.47930692358278
2024-07-04,0.007478730452745774,201413,-0.059553832248701644,117923,-0.008129475965555378,149336,-0.03129971817634427,301616,-0.02692757425818475,242253,-0.015540379838715458,233493,39.5965891566695
2024-07-05,-0.0333644703454192,133259,-0.02616442164231595,202240,-0.004613198497152459,148218,-0.0056971392786197925,150476,0.00412425482468143,191735,-0.017886289694386808,128181,42.435956820187116
2024-07-06,0.2327870450802704,295729,0.0073702373108566425,152656,-0.004045198275374147,208427,0.00041748567120004606,291338,0.347897559940435,245895,-0.0567254048324235,92635,87.02838532921417
2024-07-07,-0.032071414554497,194455,-0.19663220434397463,228727,0.01647484502507577,232523,-0.015849969102609798,104264,0.00983133514988565,125139,-0.08294456383096124,242273,33.248140009231356
2024-07-08,0.09515908886488599,120005,-0.013741637245204177,144368,-0.24899083637104522,305697,0.01627270433437729,159672,-0.01134981760543355,121697,0.018600129165486742,114571,45.99492656448507
2024-07-09,0.03671421289604068,185922,-0.01957855607201174,95486,-0.013569234457208602,147423,-0.04794494652913102,185960,-0.008013908248723476,273664,0.02542359407730384,212568,50.57850400741757
2024-07-10,0.0006539089670704809,122317,-0.02381377895594866,260763,0.004119223130314614,144378,-0.0067111820789596275,99281,-0.013225754837910695,151931,-0.024518184905660392,289313,33.659522488302066
2024-07-11,0.012256674555769561,173875,-0.04925703066815034,163572,0.00871147771100972,313290,0.00232244273116249,91808,0.004822140014066337,97320,0.022986131854368083,85277,40.73811802247087
2024-07-12,-0.022852132696312605,188916,0.009517062365127215,173962,0.011841864210000955,301671,0.007440546680073235,179403,0.0023223777607613884,138460,0.04190784800354935,162871,47.881094893576574
2024-07-13,0.011556693205090892,170601,0.058243558359417566,83390,0.06784273876732803,481245,0.024157064263522512,200375,0.1498987361618094,177017,0.002495665515622178,208160,68.12389116562042
2024-07-14,0.022954946027276376,216157,-0.013216782312441831,153856,-0.029785229069401106,126437,0.00960230050503158,206856,-0.026662474308779476,189905,0.02286620329663572,117717,59.558340513942554
2024-07-15,-0.007355342351045851,287108,0.07168288738347747,183018,-0.03868885540679536,217929,-0.0636482163230827,284011,0.009323823712425957,164186,-0.020575237835350275,184754,35.08654741011282
2024-07-16,-0.007403275569829693,225034,0.006201247525009741,121790,-0.013489136250381914,166311,0.005645197234400879,171136,0.006958912221756481,111032,0.012954511675377244,411290,47.150346640715185
2024-07-17,0.004615871575903855,92696,-0.02582447640716359,96834,0.01509798529315114,275320,-0.10705937654465149,216491,-0.0013367211329940825,107970,0.0029902595234311173,207506,52.09566446931896
2024-07-18,0.010938467853398144,292769,0.025878216180545446,160796,0.03319773278810041,460251,0.0012501215596543301,81664,0.01107703667394453,214814,0.04486573846600478,259525,55.481712823143724
2024-07-19,-0.05742562479774749,232474,0.03223218713269649,149980,0.02201331256512091,144903,-0.022711726322597946,194397,-0.00826442077556617,225551,0.006537901712267459,207106,52.76293179937312
2024-07-20,0.01706349420374296,246723,0.050747081109550896,108277,0.026660036214997816,148581,-0.0013374160832013739,111747,0.012325502571208166,139463,0.07863428976662018,244284,60.87744542291554
2024-07-21,-0.0461677147662722,169938,-0.13721059423673893,461733,-0.04823337301750094,175845,-0.011791305527368741,166687,0.0028451095569110183,169816,-0.009699142041220282,126105,35.8840312377679
2024-07-22,-0.002160591747415204,159032,0.004995889745855057,255535,0.01862079449947484,170346,-0.02831174245196763,118493,-0.029061479485082177,112416,-0.016887076952711015,135933,44.19499413578152
2024-07-23,0.01786255405017609,167635,0.01696258066150315,262349,-0.0011340651080074251,95206,0.006121850386272573,143210,-0.03454616650522579,172426,0.015955140165147062,78160,58.085447637274584
2024-07-24,0.0028531359030402955,116606,-0.0023116511343242102,124000,0.01677063668227973,118374,-0.24981368332460052,175739,-0.04999120030941565,152630,0.0017015043823723668,130337,15.830018739225782
2024-07-25,0.00820009454205627,193142,0.005663822771653881,324236,-0.0016021819053027762,313546,-0.02928536471277425,75424,-0.005926351769407904,205013,-0.04254330640601615,151568,42.000660750795156
2024-07-26,-0.011469830029185326,173175,0.12882830766959827,138785,0.003233434456185637,170592,0.00010588852945845998,172916,-0.004468150613654482,129109,-0.021271978267095728,113715,59.2962382166302
2024-07-27,0.013335466326706239,136015,0.03559771662299569,178742,0.007359476889374697,206818,0.009846812496289369,228968,0.020023002661341004,133562,0.03613730861592386,182323,63.49027138757066
2024-07-28,0.013759384875827469,239187,0.014621548482854515,259428,-0.02812345683732068,158969,-0.007755168977831511,148988,-0.0012600591219524124,175685,0.004511803636325831,102756,64.6464630313985
2024-07-29,0.002453195426382944,150626,-0.018700282566997985,219220,0.022979826122203284,210402,0.013102182559132392,146077,-0.025756792103709143,177564,-0.01115496443451875,117024,44.95129766484375
2024-07-30,-0.010285358590346858,215646,0.02435193984827284,157766,0.018832421153997053,145745,-0.2481227199546421,140830,0.00810518974441262,158711,0.010718446087837955,136059,51.70147883791083
2024-07-31,0.08381233994980207,211770,0.03884503066610109,138952,0.005584283225237276,307793,0.011043031840095531,292460,0.07405200814150108,113934,-0.024450268730778213,167356,56.002190072867215
2024-08-01,-0.24724306528909237,125459,0.0039771924601933895,142820,-0.1775975144883144,362569,-0.05619976860979962,143914,0.03292373594729403,187979,-0.025897348097934328,202102,31.950679576936217
2024-08-02,-0.055858633429022274,109070,-0.0032684578360119617,115608,0.0909244266650547,100467,-0.033920294448948916,114189,0.018571340201334052,52051,0.00506143522071633,202365,59.60865902519185
2024-08-03,0.019337500684982682,370155,-0.0005592049934323794,172668,-0.027569004204731767,92363,0.10313927985815428,125855,0.18627444122283018,135462,-0.040549126321417876,108333,56.87033995343678
2024-08-04,-0.010711428386558773,229595,-0.002973741274195948,225055,-0.04235296329354046,102520,-0.037592296821546994,217517,-0.04732397709390976,299756,0.0073273699989683545,348370,44.161923247799315
2024-08-05,0.04873895759979053,512002,0.004208504089991203,113459,0.00942636204178522,503675,-0.011578172239940152,141254,0.3525102915767498,128413,0.012443786645816315,185503,77.20429029229093
2024-08-06,-0.13684363687892126,128949,0.0043750498701327035,190921,0.013529441358116923,95987,-0.002601451111370768,147930,-0.006474700527464284,272183,0.02806824517745262,159082,49.59270912927974
2024-08-07,0.017281823597793355,172238,0.010652366641893196,196831,0.008706468996289818,259955,0.02230652281776407,83944,0.00282788645514631,205625,-0.037695769942888424,146201,49.37257068673346
2024-08-08,-0.12451834040410678,173972,0.019063804730241232,248694,0.0209440709997632,100944,0.002746288885705262,108547,-0.0004267632489664769,75043,-0.013133927261822751,130657,40.572546656770264
2024-08-09,0.009381981536667222,277110,-0.01094977366291343,155090,-0.019945175643359504,95220,0.008456456701092838,134017,0.01987519844695623,89756,-0.011518633035856646,103769,63.377616117134295
2024-08-10,-0.003368744629488606,190142,-0.009526315352262442,101767,0.014030990928579696,253990,-0.018808728057313772,158189,-0.006349065141600167,168423,0.007184687956639225,145604,47.890312769080204
2024-08-11,-0.0022398179023825054,221713,-0.009238519296519043,222629,-0.03459492262888516,186096,-0.0033078616924658373,204008,0.014362672731372567,149516,-0.005791644837667558,202173,55.54355033348116
2024-08-12,0.01763862195747144,142179,0.060050793059636044,162900,-3.274437023045949e-05,145822,0.00303751081227986,135552,-0.01209397508187341,123544,0.006916448138837421,196236,52.78092878396607
2024-08-13,0.0050285122752540936,274921,0.02957106290681451,260001,0.005623972272051357,98456,0.09054131659310838,272578,-0.004519770946032208,143305,-0.008573663499173297,206962,74.51139456574342
2024-08-14,-0.004199649058490748,113268,0.00019802052618302958,172265,0.009342770997061824,184515,-0.07172042492065007,89873,-0.05728186647560801,207587,-0.012705278937091748,278834,34.12555851540535
2024-08-15,0.3500408343344258,151772,0.008378542649706836,280426,0.019410857918094184,150862,0.011690739843668576,228623,-0.010364334113280015,67008,-0.055730185549043125,428270,65.4203283597663
2024-08-16,-0.014720309779488051,296020,0.025345867489132284,145241,0.013341687750775448,73951,-0.0012967458475657996,182628,0.1307065804767158,91347,-0.00585684488791072,194452,75.0798541579363
2024-08-17,-0.02873223256383962,191880,0.014655320318710491,111685,0.04746270353249668,254838,0.0017929995667088526,224634,-0.004895231285506231,240464,-0.025528098831736398,163332,45.867566806836386
2024-08-18,-0.01168148289161238,92391,-0.020231443604614284,240662,0.0026664775070605264,146071,-0.003918371758353048,93347,0.039643231365097086,279516,0.0034983654502402043,376910,66.67586146616513
2024-08-19,0.0029651133812093286,160091,0.02570167830434297,386021,0.016322104834236455,168809,-0.005179144636854429,139778,-0.01641158122726658,126477,0.01699132756463535,313273,61.611039010635
2024-08-20,0.022161303890596076,119126,0.007239005992695501,218405,-0.037095162864430715,130135,-0.018617660933260845,135384,0.007589123954805103,245757,-0.00015611172405829142,139802,47.19486948881479
2024-08-21,-0.004755482311389341,138424,-0.01651940764401179,256048,-0.0014411358490351823,308340,-0.006594795269688673,210633,0.0017208226154882714,125253,0.0056477213226091335,132688,30.404246804093248
2024-08-22,-0.025262238972081612,168041,0.003938101245931989,185048,-0.08140727405499669,109628,0.03764767507143235,217339,0.016115946897149274,168418,-0.0028750539620420726,81937,46.350627372307855
2024-08-23,-0.008200755531538319,112243,-0.00449117968269804,133032,0.00013364588656922293,158080,-0.2497210044077051,346525,-0.039509553230426646,179022,0.027433922371714513,116272,32.72597222906195
2024-08-24,-0.0793651655789905,177771,0.011659415640292863,141374,0.01858652827221128,185331,-0.21055811832504556,205299,-0.0023333400226669275,263996,-0.019447527742220385,161181,42.908296815949114
2024-08-25,-0.0037843341187559377,313509,0.014187658223232593,234031,0.019267270935506123,122641,-0.009595338163538095,393935,-0.07975503972694792,185497,-0.03632123260287605,116535,59.48440406550917
2024-08-26,0.05212029814208369,315263,0.0907039649065364,373663,-0.014261014565544912,160618,-0.021382867173765793,133057,-0.019474160983936797,151910,0.012502730504534798,216618,49.83072493055634
2024-08-27,0.001656948417488902,271343,-0.019486589598814004,204473,0.05191899266224756,169513,0.0008644395053663079,296322,0.018536636166619644,143611,-0.02392722888972698,245823,59.98269752409392
2024-08-28,0.01589875139478397,145041,-0.01935192024293491,193379,0.08024000546363831,155527,-0.0032919110499359484,159159,-0.016273406492649488,139950,-0.004343443021761249,278714,61.17922663020954
2024-08-29,0.053279145350196754,121397,0.002010566209763194,121043,-0.017804729882194347,380178,-0.012281927486314634,240659,0.0011363083887494974,62689,-0.0261793525168045,129819,60.744794361664184
2024-08-30,-0.03252642883716211,78842,0.007165472509383054,111270,-0.0050008263096198,46378,-0.023241911363732656,154076,-0.018275674822511183,103076,0.00845117803499526,166701,50.758353068778945
2024-08-31,-0.006393803448272906,84961,-4.7402746886110025e-05,168243,-0.013756343086153333,137865,0.04310528545760302,296790,0.0024692328369348227,286227,-0.012367730291895293,222824,31.442305671804313
2024-09-01,0.025463282063871245,142822,-0.0297098843927299,360105,-0.00810819888016041,87446,0.006934331594442386,92834,0.03762458851768695,157390,0.06152927248948139,400959,54.69466843422852
2024-09-02,-0.031558115959784284,150101,-0.05137106437048368,151251,-0.003010668751678514,91421,-0.0023844865903446485,237606,-0.0010437793416830442,238296,0.019673118569413273,223156,33.79659115452679
2024-09-03,0.00015511075057555654,126539,-0.009181981919233329,122677,-0.05971234293031397,97027,-0.016660507699776145,168307,0.022808732833987388,105644,0.009965982547299074,101623,44.46560850965517
2024-09-04,-0.07154437565320292,137382,-0.012858573983547934,133831,-0.10225655557638547,131243,0.34880035721216585,196138,-0.011642339900964237,167983,0.12787123592806468,145036,78.35802556308093
2024-09-05,-0.023704707080634206,175116,0.040026541333995566,109468,0.0018414971442520399,169754,0.03847165385923784,172860,0.026577106718874702,89212,-0.02153412299237047,242383,57.16337295764009
2024-09-06,-0.00448744177856177,114396,0.035816355630265063,168741,-0.008327529809912092,259306,-0.1835270517975663,235689,-0.004748369862396181,165005,-0.03164311181584245,140786,48.35309870170675
2024-09-07,0.028453485580187943,237757,-0.000501692750591943,213176,-0.004906564125397996,127090,-0.007712725570564464,118425,-0.037429038059123634,71044,0.0022851364373503973,173097,52.09677930792608
2024-09-08,0.012344724997149174,157459,-0.010098809017947156,256395,0.0035148375642508984,187891,-0.012967067457744506,277532,-0.03932726170860018,123137,-0.003917306708554135,256596,33.65334844788124
2024-09-09,0.06938878213607086,131719,0.0033179288855515795,222134,-0.22113279494066243,90807,0.05871684081428553,178805,-0.010067553610500327,73579,0.004142929200867496,146260,18.415938766646832
2024-09-10,-0.03006761457382977,194102,0.07207809320840536,132139,0.0581705096939539,106918,-0.04428329517381875,228307,-0.005532936673890493,156156,-0.04958488993884233,133809,51.540078719594426
2024-09-11,0.0035433623349398953,165505,0.028225925590768353,467272,0.005170171261406216,258177,-0.036173556558072466,259115,-0.03742858120846581,193729,0.04376996005973284,173962,48.33455410184228
2024-09-12,-0.013294222621145761,62415,0.0024729568858887067,124046,-0.06812386071374249,134291,0.35081211224485614,76883,0.004407949585797093,102440,-0.012970462502219263,73693,57.7841741314768
2024-09-13,0.0034555041514220232,160278,-0.009794803636578222,225822,0.022316174384468996,253396,-0.016322687476956168,192127,0.13080316788975482,110706,0.026733629441639938,75144,43.47312648706964
2024-09-14,-0.007704318357338355,80599,-0.0005323699309677121,97969,-0.2073277818965657,114057,-0.037616215516982285,152680,-0.002031882536605162,108481,-0.009794550480310707,186388,24.98542661735491
2024-09-15,0.02913950103776048,148314,-0.0025438592454662475,163442,-0.014326973279790855,256812,0.021518248494371117,101509,-0.030075052503724508,192428,-0.038516018758461196,161847,45.73480820099816
2024-09-16,-0.00026793713390732684,142429,0.06243193439380662,231909,0.0061853484561943915,231331,0.02004075340913084,111458,0.0063447399419714065,151317,0.013965558715914251,182131,63.90547142260458
2024-09-17,0.009207008804719342,145917,-0.019036834277863762,205665,-0.002824724070876192,182130,-0.024814037084944753,338752,-0.0016636270203364938,88246,0.03729375245520426,154976,51.763746736073294
2024-09-18,-0.018572883593470153,113164,0.0037311140855773696,207242,-0.01731097619289794,85231,-0.029525342279536217,186936,-0.005697751947628939,126497,0.0025165362681130645,121337,61.756718894404436
2024-09-19,0.012361182224021645,91253,0.016523398302053665,135126,0.0029131184875334235,251148,-0.032491493040480976,161123,0.11608845855579127,209205,0.010754837644519531,316746,48.05392625110863
2024-09-20,-0.17054360688884587,180864,0.06774301552575622,130154,-0.021580053393204613,196202,0.014124719525423157,130912,0.009953983732729805,133016,-0.039756567188778506,88613,49.47335500811301
2024-09-21,0.006220462266588468,235744,-0.023071304057883414,139469,-0.023756860228021977,175052,0.022427179221927267,107539,0.04455641300860097,193760,0.027188074431819607,119997,54.04391840748934
2024-09-22,0.030059329079539163,153785,0.05004862927158563,231221,-0.007423720757409889,223307,-0.024394600131533623,161326,0.00821477681324911,80237,-0.009904305885541786,538813,60.053365133845084
2024-09-23,-0.052105408161991995,327205,0.013493770877552116,217307,-0.005197303997862692,120417,-0.011798057778320367,155525,0.004531891553209426,130957,0.0058537828868175466,269828,42.62009639263817
2024-09-24,0.025082959877707988,180773,-0.013174671641326402,118935,0.033112591209734824,134820,-0.016207726919637018,254861,0.014823661251416903,308673,0.006274652683254376,299938,64.04423483631594
2024-09-25,0.04825178010815842,220314,-0.016075385693014616,147112,-0.019719462911085787,44506,0.03018406262459579,183297,-0.0063051267766214185,162635,-0.009127724715468695,172127,54.76612375922334
2024-09-26,-0.24827294351495696,166301,0.0034373303934972007,95749,-0.006098295861976454,203406,-0.1038009237320314,209585,-0.011106004193585506,213829,0.0006134968268960489,237668,18.85706081201204
2024-09-27,-0.002162798879874817,207237,-0.024902472245824786,138135,-0.005242014373032289,158207,-0.010124909761044885,168796,-0.0022771316691105672,169919,0.0320229776864951,242628,49.03400309470864
2024-09-28,0.008411397657884553,210547,0.034065018474323874,373598,0.02083621510607469,393402,0.010719178019381619,168023,-0.07775751145731019,35078,-0.010677284200117237,266927,46.644242317311495
2024-09-29,0.00554096960120941,131117,0.0370417211330176,118114,0.006328068190797665,138776,0.0019831755187318897,136126,0.02269087085458025,207919,-0.009751275162540585,87223,59.14735218209769
2024-09-30,0.13040850985827893,105758,0.004082802906860726,186700,-0.24950109810813986,208809,-0.03603826585419684,210368,-0.010595044947686523,118798,0.022844059666813184,110050,28.94896340771689
2024-10-01,0.032054540018743805,132899,-0.008319739566847,179144,0.05880915674773362,294840,0.013824201587853604,71755,-0.030526259784040125,149001,-0.01638572834110867,95504,53.00356102299874
2024-10-02,-0.008682234086358952,84044,-0.004017458093390018,239613,0.016562539143040067,202369,0.020283617479972458,194808,-0.2528536531535627,235251,-0.039303240713641004,134337,36.085710564897305
2024-10-03,-0.029110501121519205,136891,-0.016409500443031896,390152,0.002463604151123437,147468,0.008887876405716023,218393,-0.0013459776501786914,163170,-0.08762726867335922,77706,42.12078191651369
2024-10-04,0.03925100614670836,71836,-0.000650993959084816,129108,-0.019406407556723713,248311,-0.009700257464840031,223086,0.041545114097400394,234598,-0.01257651960866833,109664,66.03354188754274
2024-10-05,0.1348373742485101,310627,0.002476258973871019,110640,-0.040887998371494955,177216,-0.010476618812569215,162082,-0.009612269316810865,151819,-0.0009730882543944265,278016,62.76447163851797
2024-10-06,-0.0736555585096983,122756,0.025854070931971514,94860,0.08341809827464954,164061,0.05582832924185842,138700,0.004730335387620218,628413,-0.005818574411417777,213331,55.94897209359144
2024-10-07,0.010351445620100626,138173,0.021296926163671934,106676,-0.006175468723434479,76717,-0.03960206977862599,108002,0.0461939822509345,170412,0.0004259881004220142,288062,54.33294455051464
2024-10-08,0.010371535693239854,254912,0.026842072916590805,178374,0.006085842604111884,143019,-0.011415926629159889,181230,0.028430950114259865,132262,8.771095494972082e-05,323626,56.98346789175281
2024-10-09,-0.029045042898238012,150892,-0.15577197347123536,157229,0.09635658983521968,67081,0.02792301984375374,150516,0.012107724687837343,227429,-0.023138900696780235,106182,49.26175719503872
2024-10-10,0.0024197189987723144,120536,-0.08157980913745631,223481,0.01603507199330681,90159,-0.029024395652537758,248480,-0.00013995170309458052,131550,0.08135217996423771,139326,31.014274340902467
2024-10-11,-0.0018205838827691843,103823,0.02445080236440557,189324,-0.036523544626502355,435368,0.05302890278230353,222481,0.061216021879996474,115183,0.036353991328443566,256336,56.0984430320317
2024-10-12,0.11946784118111063,143390,0.015460999561714041,282037,-0.025364555835421177,224733,0.0009939411319289137,50148,0.00619428015534962,108919,0.006674844526614161,237459,43.38409936615215
2024-10-13,-0.08229219116682449,172933,0.038515889581062536,108066,-0.006276949852006679,126318,-0.06745455169015017,75925,-0.0047300812178056005,157102,0.001792396724752455,394066,54.7531102998634
2024-10-14,-0.011408787104562813,224576,0.002777738183630055,390884,0.012269442328621977,231644,0.007834003000264092,245485,0.008091271149423759,358481,-0.0231254732412367,189265,49.15405108771342
2024-10-15,-0.04233183235211862,151011,-0.0016944130110726446,245994,0.015488325218805967,291133,-0.00023414597959273446,134324,-0.0010057986133524587,121950,-0.048569640009407174,172050,42.843423520087924
2024-10-16,0.030768805034631697,226975,0.014889220786585538,223963,0.0009056158833677656,92072,0.006698586366542551,349634,-0.005861737450235157,125936,0.011793401428148368,146381,62.9142327902684
2024-10-17,0.00151230385446306,113429,0.08473469931343706,478940,0.027898773227596305,179302,0.034940196334022046,115798,0.011741483427819579,229939,0.021423918059835265,221384,66.37333958897696
2024-10-18,-0.011560275548778058,150980,0.006960992627597633,227804,-0.2516323099780561,116994,0.004792341023746443,133630,-0.027626963096322517,72832,0.012154568426767215,95838,20.919545086538232
2024-10-19,0.009221324348445366,335391,-0.07934517393879903,313818,-0.01566662282718793,167094,-0.023180344442269334,316529,-0.012514666945769868,152660,0.012574775702921434,147655,42.030232501215686
2024-10-20,-0.028030925053928825,166475,-0.00674619717081466,154822,-0.003993126806732019,149331,-0.008982890743428434,257135,0.007400954199426541,172828,-6.913454219784e-05,216423,43.953575593224464
2024-10-21,0.027315774483324364,245868,0.01165077049840139,190094,0.0013794388601792316,110402,0.018973461977060044,94736,-0.015491137381981884,172734,0.005101381191501244,151978,35.81665042250509
2024-10-22,0.007204621047843188,168544,-0.014011311056039684,161712,0.06439238672505058,457453,0.005285956528240683,95598,0.3514491835574462,73425,0.005981494521554218,185897,71.1173930892343
2024-10-23,0.001753612476363344,140004,0.34816396187672205,184688,0.0782501128169315,205572,-0.0018231332515470198,272022,-0.004327268640251229,89063,-0.0257548915379927,130263,74.58208969585041
2024-10-24,0.2757692909956156,193204,0.0001333835439429015,221501,0.006881253555754678,391358,-0.004624653669560345,238537,0.02706827649373705,159099,-0.06669770665738649,113985,64.75248030255513
2024-10-25,0.01922749485153963,129869,0.0123476880192566,128401,0.02217148694164304,211523,-0.023290185897349217,180376,-0.0015892640620176089,95850,0.008725004252153308,136713,37.68383403690863
2024-10-26,-0.04625175821445899,231195,0.026000674340289208,187337,-0.02367051064481297,204323,0.014055450291635355,189694,-0.011314467939479303,311941,-0.020412288816468446,178870,57.410462431588414
2024-10-27,0.019114892030463227,139468,0.3493891105951166,112836,-0.01829204790711261,179843,-0.0069055870713716876,61311,0.048632554315642035,151188,0.003085315394686223,149891,75.3139185682472
2024-10-28,-0.005953322122439854,94297,0.016481131292579797,112273,0.05199258212033156,225001,0.02258900554883024,178489,-0.05642310223543636,169518,-0.2521527623748041,183972,35.47776624854305
2024-10-29,-0.03137893790885006,168898,-0.014464975226757895,267572,0.031148206350828538,170991,-0.014403935322016566,90827,-0.007617934606683865,312403,0.022745375488410668,188741,53.074936301727085
2024-10-30,-0.014343570185737111,128578,-0.004770589800573348,98581,0.03972377486723099,190682,0.34780571270074234,155302,0.015503486567990481,305485,0.02197277916347146,141724,69.17867701517162
2024-10-31,-0.02956238159122216,116430,0.014276832778027007,232889,-0.008879325044993853,235652,0.006411092067900443,174113,-0.00017815499221424417,213318,-0.00023144729959875127,160319,53.352667459186854
2024-11-01,0.009385310662270599,178714,0.01817949083412604,259366,-0.015176395961223504,209007,0.015971942158877723,152099,-0.008082666537134983,279552,0.014419394949725581,63199,48.642391946927596
2024-11-02,-0.020880409988035278,369841,-0.0157084747254355,82258,-0.007838981936268724,126647,-0.2107816318559308,160112,0.045071833897920785,153492,0.002116042138884905,243425,27.16603642893711
2024-11-03,-0.01081031882819359,106602,0.14455025034494812,180648,-0.12505631918444357,129148,0.008874689441228906,183149,0.014429473513469515,158592,-0.04073401156189906,168918,55.15139251522801
2024-11-04,-0.02412606976618295,130617,-0.06410847656145803,132717,0.011581576169270658,182573,0.015695931156669337,237396,-0.007213120614776109,128115,-0.010794672082957032,114977,59.65241647472247
2024-11-05,0.16081065535247946,208018,0.018307779460781947,160652,-0.0032393348866476502,226885,-0.09593789332627992,113287,0.01956615743339389,79875,0.02631626383090242,131504,65.63653559250032
2024-11-06,0.00833513283882756,119785,0.011875868306719883,157705,-0.013346430133289218,126154,0.008824869757953437,218907,0.0065597655614203845,145036,-0.014544475117273185,172851,59.743424399028235
2024-11-07,-0.20764250757565816,173347,-0.09619135093398311,175954,0.03970655345815949,161191,0.006136764393273781,199633,-0.021704568483447345,118389,0.027995421674169296,284864,28.013714769877936
2024-11-08,0.08751800684705303,148061,-0.1823668163683861,96315,-0.015311956014898294,175471,-0.03111594903682147,115789,-0.039147306700555204,212380,0.002583405073004915,393896,22.16776162827523
2024-11-09,-0.00124707655125714,118820,-0.1874027206089413,185897,-0.2471671764165994,80643,-0.013266483821446741,195157,0.1919499474463884,114200,-0.010607352490782007,126761,47.051984391489206
2024-11-10,-0.019233264477286304,104766,-0.029922166754679434,218133,0.01558698447126016,243512,-0.05440104057708742,164284,0.024293679867166476,115177,0.35098795476441125,307370,89.69929204696658
2024-11-11,0.006177150737623036,120551,0.014824554944083312,68540,-0.012835873202219794,195507,-0.007524327880122849,104620,0.0012773551384048028,241697,-0.02115052025018096,139740,64.14595703686932
2024-11-12,-0.014210074561651711,207209,-0.0007300746437269831,285101,-0.014040770554647931,100353,0.014780961512465312,129783,0.013242293192007622,157902,-0.11413323720876797,301046,38.96941379258106
2024-11-13,-0.024233924407395836,125072,0.001773327751830723,128309,0.010928808367474289,197058,-0.03671120212655556,129198,-0.1336194985174429,172993,0.01197562913735307,87499,27.127865959729146
2024-11-14,0.049307619587544635,394641,0.004407877909906409,94932,-0.02275765807399395,143099,-0.0007562521416283139,160653,-0.007567508790617513,349785,-0.035313001759029905,95804,38.49791147061642
2024-11-15,0.03448252144934507,359864,0.007107750267896304,220327,-0.012779979374365447,192305,0.03433510304226037,109770,0.04819110261623086,204527,0.04562289024825919,121857,43.62663354050127
2024-11-16,0.012539316911528564,270131,-0.01358611265759843,110367,0.03105413076314817,155552,-0.033090335940946104,130338,-0.0023253391445835526,109643,-0.013985267765524974,218934,47.63330662696779
2024-11-17,-0.01918039992156877,201628,0.03795068148376635,263973,-0.03554209274618948,79861,0.05563785440680286,249114,0.008218313344223488,443378,0.00291437940823963,135855,69.39002864584282
2024-11-18,0.005177875586417836,347340,0.0041140962619385536,146493,0.004309145746044796,93998,-0.1307499936954292,144025,0.015794530853162365,247528,-0.01036284973413981,116393,41.1355606824772
2024-11-19,0.060556422485575356,128010,0.11691861198773984,206367,0.028247815563740213,162954,0.031048700768431668,205633,-0.0025679998475827896,178998,0.20580181588598648,197175,82.3569201264088
2024-11-20,0.001542419048835915,136910,0.015014190476267593,178562,0.0052551396511138415,112313,-0.004648120235836348,272494,0.03220050748003831,126284,0.01718600942680952,255643,68.19264603285734
2024-11-21,0.06677419494584816,148235,-0.029278155836381874,176451,-0.07610256479083811,133521,-0.014709414606101546,108402,-0.012157619466829948,80991,-0.0969746071222841,106710,35.129169089903506
2024-11-22,-0.01653903761146312,142976,0.24392825449165842,177149,-0.002113850312322544,243811,-0.23982558387784011,136175,0.12227059819208848,114372,0.00299710372696463,91392,77.73648020780166
2024-11-23,0.011425064130127508,197210,0.03081596209389385,283021,-0.10263654692014297,270095,0.00674346805704973,216203,0.016632443289462985,210116,0.0048664751905557364,320952,67.77740179770433
2024-11-24,-0.016401754899741446,185875,0.005342685638937474,210755,0.010182910717171598,143155,0.001670240751218726,94389,-0.009476517541599505,123804,0.020302927223357366,162159,49.46358607248479
2024-11-25,-0.000870581692784065,166760,-0.009735300726455235,351693,0.061716780542539804,168133,0.011156014158848445,260807,0.0018571646023654454,136758,0.08686780454904201,143677,54.29078278871163
2024-11-26,-0.004008528375064676,95644,0.0032115550066457946,120942,-0.026150501084826767,200946,-0.0011031603614084777,163247,0.02620224109448362,237322,0.008979839612373683,174993,57.447810190050006
2024-11-27,0.05964069217122589,141353,0.02324498818099459,384353,0.0036049670473578045,156754,-0.008972032087721144,259159,0.0119399191651692,138623,-0.042459476809478154,216174,49.658021085981304
2024-11-28,0.0004880017378152454,235910,-0.012586555099946987,176910,-0.037589834968270314,63462,0.055962501409042874,163947,-0.0387365985674857,266248,-0.24987098805427485,200986,19.61221625978532
2024-11-29,0.09911995978319824,194528,0.06849558259281717,81723,0.3541156223541955,122005,-0.002305015882641848,191864,-0.03563042242041355,191789,0.06414904084384775,264571,99.34203768663002
2024-11-30,-0.010685593919085773,153591,0.0022944072340564986,191439,-0.07441408894673085,163824,-0.0007965215457140535,109669,-0.00867526867591691,66018,0.08966156845544902,193378,61.99010737957466
2024-12-01,-0.02674629074484883,174482,-0.03545682642511186,127100,0.028807288614038994,85163,0.043772080881043625,209377,0.028087439079565773,146331,-0.007513729887367947,203363,53.61844680545693
2024-12-02,0.006315670788809823,343045,-0.015261337620317787,69108,-0.033245436737942224,123027,-0.002382038595299726,149679,0.0046705035194495575,291248,-0.08251735502940036,84578,29.21001955107151
2024-12-03,-0.034425676805135724,353042,0.004742750930719589,171843,-0.002936541424938712,156623,-0.058406256296814,150358,0.03526965113705346,136693,-0.07350659093684278,247520,29.087226594762257
2024-12-04,0.048012600750826334,106148,-0.06051821042670467,186869,0.04115752211878873,139570,-0.04497753125304936,119987,0.01989686556356155,457892,0.010217119496714104,192455,51.99151730086731
2024-12-05,-0.01619566622544757,208002,-0.013535383095617479,256558,0.15659646482466438,92176,-0.056170821562555436,328048,0.003696149784077769,59660,0.0186021776340446,119670,51.20081774556076
2024-12-06,-0.01588752867274196,135453,-0.014815624827170895,205394,-0.08507136475248711,177635,0.16184842289407594,152249,-0.04522872047199921,161975,-0.010581646979948787,110061,45.93997315789911
2024-12-07,-0.009311687759671127,89420,-0.014946067829502849,217641,-0.012436699089219365,214804,-0.028362156348664656,306752,0.027636159281208095,118657,0.017632493354741905,214727,58.90043432452617
2024-12-08,-0.006827838632083417,145294,-0.005932434787035071,262023,-0.01269227264486145,244944,-0.02276602893929894,177102,-0.017968310527580793,142086,-0.06615458317036577,239036,48.509028594143885
2024-12-09,0.0029368444677550266,210820,0.007616438376853257,123775,0.06258061043663331,95691,0.06894695227077599,145014,-0.006979432006383925,298392,-0.00554136252496996,257453,72.41876353968703
2024-12-10,-0.005090299471582035,104304,-0.2517960544526489,102017,0.011091207860453983,270999,0.0033587747057148435,103336,-0.006987575376079047,199529,0.35067193634688115,127207,46.84363374041009
2024-12-11,0.005120523453620343,310772,0.02029296293209228,119590,0.006463766721552576,257131,-0.06267439844696784,175245,-0.03472057587015136,180029,-0.0028119787192449337,74004,42.012770984526284
2024-12-12,-0.004093275488648863,67429,-0.06641140572324802,149010,-0.017940036762111373,179649,-0.11556022938546234,103768,-0.0003604871851684474,105295,-0.0003445422997956529,203737,43.94248516497214
2024-12-13,-0.008514299555196512,203850,0.019302677756836684,154030,-0.02319670411919244,222366,0.14568774549768632,101754,0.005816870633748969,141156,-0.006318249872131313,314629,63.332652766245694
2024-12-14,0.0006074997509360736,167264,-0.08065843377077185,171189,-0.008124221755711371,409371,0.021075575909865515,92991,-0.01971862719665349,223814,-0.05397097447258021,316663,55.9378583902152
2024-12-15,0.09534382516252067,142922,0.023758833802729726,229544,-0.0058639407889824234,109885,0.07038214032911141,123661,-0.011000957740136473,189849,-0.07839535086892331,224005,60.487003718795336
2024-12-16,-0.001966004873961427,254835,0.011188976212812198,304934,-0.004419357073595268,158422,-0.0032612806557562528,262352,0.012820278677927593,141928,0.012143271513557843,233476,70.24814996112117
2024-12-17,-0.006892530582831034,176839,-0.0015918026221315939,194516,-0.05700301610010429,192798,-5.604015889484459e-05,85658,-0.042256073295797655,103813,-0.0018840679911593218,169569,48.08794263383683
2024-12-18,-0.03770886027253966,82874,0.06811740103980489,226949,0.34794783831160875,230642,-0.016619630545257703,185510,-0.01616834043899532,103937,0.02224196270050484,282675,85.14236586222833
2024-12-19,-0.06211438115053669,367649,-0.25071615889235865,172617,-0.02851672247334518,199628,-0.015084592417140266,176432,0.0006320943954087001,201218,-0.0016179352726084987,155154,22.937004144783387
2024-12-20,-0.12643471622500174,160520,0.07605042790079714,233815,-0.0003420392616815316,415920,0.004370475992910266,92964,-0.011250209551227637,156134,0.004398745894156905,101500,46.595717768836785
2024-12-21,-0.049075968058831056,307678,-0.037283880265693355,128656,-0.0033413777347477314,91374,-0.0027986409742618425,210086,-0.017805202608519352,327002,0.0023770557507334137,212232,51.914243112306764
2024-12-22,0.02225838464470123,176648,0.2997235304624464,191694,0.0038801610994598536,286626,-0.0021287989011617176,114728,-0.02146376853832885,155633,0.01772157608510921,135798,87.46252069607894
2024-12-23,-0.0582388314711749,102012,-0.03535370951943734,142721,0.039618391791322795,253492,-0.017163292609500187,204156,0.10610432508883413,210601,-0.011934103998619957,172575,58.827888111869164
2024-12-24,-0.1253003450928191,200652,0.017031587619667894,118156,0.005810682243885697,143802,-0.01985223237941749,175747,0.015353796131473483,181862,-0.010400433234522565,184993,41.344485966538336
2024-12-25,0.004986694560287427,153993,0.001259443555642256,139948,0.017451006240900898,575565,-0.004711602847023838,233915,-0.016027737338804485,192001,-0.008932220755969916,148259,63.37505585628557
2024-12-26,0.003339237484168361,135877,-0.022349782805389164,154458,-0.014539060737807924,182979,-0.010274690497508688,76712,-0.06327925598026801,86876,-0.00959752917367282,126152,20.30014132316931
2024-12-27,0.05360962199964074,176814,-0.012626925556371807,147899,-0.04872806123975024,293974,0.09869310278500716,89952,0.07353657182576198,120506,0.03082296298514444,298951,48.798139838226746
2024-12-28,-0.24920520595308154,171518,-0.001045808176946543,231871,0.02459407281042684,369719,-0.2528057323144157,123312,0.002017024242906588,156415,0.010693853176061068,145951,25.766222489013938
2024-12-29,-0.009138064132899141,74470,0.01584631022638135,143751,-0.006197554436192295,231520,0.006162779794406845,202042,-0.004652430496576596,208487,-0.24035182055268195,140055,34.25236492269379
2024-12-30,-0.04522329952777581,125186,0.04927403219112064,270412,-0.11809320649654927,133395,0.022703806922499563,183071,-0.016984219571139707,173743,-0.0031263349808740614,292051,48.625188413727074
